año,colonia,delito,fecha,latitud,longitud,mes
2024,MORELOS,ROBO A TRANSEUNTE EN VIA PUBLICA CON VIOLENCIA,2023-12-31,19.4435549976724,-99.1329458404527,Enero
2024,GUERRERO,ROBO A TRANSEUNTE EN VIA PUBLICA CON VIOLENCIA,2024-01-02,19.4434100678116,-99.1393293898523,Enero
2024,BUENAVISTA,ROBO A TRANSEUNTE EN VIA PUBLICA CON VIOLENCIA,2024-01-04,19.4443145132811,-99.153175830177,Enero
2024,SAN RAFAEL,ROBO A TRANSEUNTE EN VIA PUBLICA CON VIOLENCIA,2024-01-04,19.4352569825362,-99.1647601901384,Enero
2024,GUERRERO,ROBO A TRANSEUNTE EN VIA PUBLICA CON VIOLENCIA,2024-01-04,19.4399735453547,-99.1419741500734,Enero
2024,ROMA NORTE,ROBO A TRANSEUNTE EN VIA PUBLICA CON VIOLENCIA,2024-01-05,19.4179430866019,-99.1595740901301,Enero
2024,MORELOS,ROBO A TRANSEUNTE EN VIA PUBLICA CON VIOLENCIA,2024-01-05,19.4521706272333,-99.1266573995963,Enero
2024,ROMA NORTE,ROBO A TRANSEUNTE EN VIA PUBLICA CON VIOLENCIA,2024-01-06,19.4229201253937,-99.1632118798857,Enero
2024,SANTA MARIA INSURGENTES,ROBO A TRANSEUNTE EN VIA PUBLICA CON VIOLENCIA,2024-01-06,19.4599453519858,-99.1525010195418,Enero
2024,CENTRO,ROBO A TRANSEUNTE EN VIA PUBLICA CON VIOLENCIA,2024-01-07,19.4396776172531,-99.1385060499987,Enero
2024,PERALVILLO,ROBO A TRANSEUNTE EN VIA PUBLICA CON VIOLENCIA,2024-01-07,19.4611032037945,-99.137464019979,Enero
2024,CENTRO,ROBO A TRANSEUNTE EN VIA PUBLICA CON VIOLENCIA,2024-01-07,19.4275592784183,-99.1268679504627,Enero
2024,DOCTORES,ROBO A TRANSEUNTE EN VIA PUBLICA CON VIOLENCIA,2024-01-07,19.4110864042027,-99.1451016099963,Enero
2024,DOCTORES,ROBO A TRANSEUNTE EN VIA PUBLICA CON VIOLENCIA,2024-01-08,19.4156133208032,-99.1505746500899,Enero
2024,OBRERA,ROBO A TRANSEUNTE EN VIA PUBLICA CON VIOLENCIA,2024-01-08,19.4222554917853,-99.1394240401094,Enero
2024,DOCTORES,ROBO A TRANSEUNTE EN VIA PUBLICA CON VIOLENCIA,2024-01-08,19.4248075691465,-99.1433653501735,Enero
2024,MAZA,ROBO A TRANSEUNTE EN VIA PUBLICA CON VIOLENCIA,2024-01-10,19.4533384937827,-99.1296946403697,Enero
2024,GUERRERO,ROBO A TRANSEUNTE EN VIA PUBLICA CON VIOLENCIA,2024-01-11,19.4521987935119,-99.1452747898592,Enero
2024,CUAUHTÉMOC,ROBO A TRANSEUNTE EN VIA PUBLICA CON VIOLENCIA,2023-12-01,19.4357552610578,-99.1685474701979,Enero
2024,CENTRO,ROBO A TRANSEUNTE EN VIA PUBLICA CON VIOLENCIA,2023-12-30,19.433937686236,-99.1245549900296,Enero
2024,ROMA SUR,ROBO A TRANSEUNTE EN VIA PUBLICA CON VIOLENCIA,2024-01-11,19.4073977024121,-99.1552073000416,Enero
2024,JUÁREZ,ROBO A TRANSEUNTE EN VIA PUBLICA CON VIOLENCIA,2024-01-12,19.425363670747,-99.1623321204573,Enero
2024,DOCTORES,ROBO A TRANSEUNTE EN VIA PUBLICA CON VIOLENCIA,2024-01-12,19.4081236198239,-99.151100810126,Enero
2024,ATLAMPA,ROBO A TRANSEUNTE EN VIA PUBLICA CON VIOLENCIA,2024-01-12,19.4624700965374,-99.1578930596863,Enero
2024,CENTRO,ROBO A TRANSEUNTE EN VIA PUBLICA CON VIOLENCIA,2024-01-12,19.4291313507204,-99.1250994796072,Enero
2024,CENTRO,ROBO A TRANSEUNTE EN VIA PUBLICA CON VIOLENCIA,2024-01-13,19.4254843335384,-99.1258052602378,Enero
2024,SAN RAFAEL,ROBO A TRANSEUNTE EN VIA PUBLICA CON VIOLENCIA,2024-01-15,19.438113239089,-99.1614563803053,Enero
2024,GUERRERO,ROBO A TRANSEUNTE EN VIA PUBLICA CON VIOLENCIA,2024-01-16,19.4447385125189,-99.1425181903951,Enero
2024,MORELOS,ROBO A TRANSEUNTE EN VIA PUBLICA CON VIOLENCIA,2023-01-16,19.4525776122893,-99.128248169665,Enero
2024,BUENAVISTA,ROBO A TRANSEUNTE EN VIA PUBLICA CON VIOLENCIA,2024-01-11,19.4387038371879,-99.1521504503075,Enero
2024,HIPÓDROMO,ROBO A TRANSEUNTE EN VIA PUBLICA CON VIOLENCIA,2024-01-13,19.412602604143,-99.1728713199733,Enero
2024,CENTRO,ROBO A TRANSEUNTE EN VIA PUBLICA CON VIOLENCIA,2024-01-16,19.4304163213778,-99.1324992495518,Enero
2024,CENTRO,ROBO A TRANSEUNTE EN VIA PUBLICA CON VIOLENCIA,2024-01-17,19.4298061725115,-99.1428086102763,Enero
2024,CENTRO,ROBO A TRANSEUNTE EN VIA PUBLICA CON VIOLENCIA,2024-01-18,19.4294576575374,-99.1265224801721,Enero
2024,ROMA SUR,ROBO A TRANSEUNTE EN VIA PUBLICA CON VIOLENCIA,2024-01-18,19.4063994698172,-99.1588827999548,Enero
2024,JUÁREZ,ROBO A TRANSEUNTE EN VIA PUBLICA CON VIOLENCIA,2024-01-20,19.427905322085,-99.1647294796736,Enero
2024,CENTRO,ROBO A TRANSEUNTE EN VIA PUBLICA CON VIOLENCIA,2024-01-20,19.4317379475016,-99.1332623395996,Enero
2024,GUERRERO,ROBO A TRANSEUNTE EN VIA PUBLICA CON VIOLENCIA,2024-01-20,19.4380200817335,-99.1490559895983,Enero
2024,SANTA MARIA LA RIBERA,ROBO A TRANSEUNTE EN VIA PUBLICA CON VIOLENCIA,2024-01-21,19.4426956857626,-99.1546764198552,Enero
2024,CENTRO,ROBO A TRANSEUNTE EN VIA PUBLICA CON VIOLENCIA,2019-10-29,19.4250247108856,-99.1258272497694,Enero
2024,SANTA MARIA LA RIBERA,ROBO A TRANSEUNTE EN VIA PUBLICA CON VIOLENCIA,2024-01-22,19.4417453187162,-99.15596858001,Enero
2024,CENTRO,ROBO A TRANSEUNTE EN VIA PUBLICA CON VIOLENCIA,2024-01-23,19.4283068718274,-99.1416257297529,Enero
2024,MORELOS,ROBO A TRANSEUNTE EN VIA PUBLICA CON VIOLENCIA,2024-01-22,19.4450848731553,-99.1327495300203,Enero
2024,HIPÓDROMO,ROBO A TRANSEUNTE EN VIA PUBLICA CON VIOLENCIA,2024-01-24,19.4106512800999,-99.1693702295429,Enero
2024,OBRERA,ROBO A TRANSEUNTE EN VIA PUBLICA CON VIOLENCIA,2024-01-24,19.4129912904734,-99.1351722896539,Enero
2024,CENTRO,ROBO A TRANSEUNTE EN VIA PUBLICA CON VIOLENCIA,2023-01-24,19.4318969881762,-99.1343979198943,Enero
2024,OBRERA,ROBO A TRANSEUNTE EN VIA PUBLICA CON VIOLENCIA,2024-01-25,19.4141815179817,-99.1368229703039,Enero
2024,JUÁREZ,ROBO A TRANSEUNTE EN VIA PUBLICA CON VIOLENCIA,2024-01-27,19.424325550563,-99.1626995795409,Enero
2024,CENTRO,ROBO A TRANSEUNTE EN VIA PUBLICA CON VIOLENCIA,2024-01-27,19.4402745368255,-99.1266927099205,Enero
2024,CENTRO,ROBO A TRANSEUNTE EN VIA PUBLICA CON VIOLENCIA,2024-01-27,19.4283120617649,-99.1370533697688,Enero
2024,SAN RAFAEL,ROBO A TRANSEUNTE EN VIA PUBLICA CON VIOLENCIA,2023-11-24,19.4345299867215,-99.1591443097472,Enero
2024,JUÁREZ,ROBO A TRANSEUNTE EN VIA PUBLICA CON VIOLENCIA,2023-01-27,19.428505936732,-99.1599076196322,Enero
2024,EX-HIPÓDROMO DE PERALVILLO,ROBO A TRANSEUNTE EN VIA PUBLICA CON VIOLENCIA,2024-01-29,19.4547806524745,-99.1375578898139,Enero
2024,CENTRO,ROBO A TRANSEUNTE EN VIA PUBLICA CON VIOLENCIA,2024-01-30,19.429836226979,-99.142387209742,Enero
2024,NONOALCO TLATELOLCO,ROBO A TRANSEUNTE EN VIA PUBLICA CON VIOLENCIA,2024-01-30,19.4512690089909,-99.1412580004421,Enero
2024,CENTRO,ROBO A TRANSEUNTE EN VIA PUBLICA CON VIOLENCIA,2024-01-30,19.4263733684259,-99.1394229203056,Enero
2024,CENTRO,ROBO A TRANSEUNTE EN VIA PUBLICA CON VIOLENCIA,2023-01-29,19.4339317914168,-99.1397756297101,Enero
2024,GUERRERO,ROBO A TRANSEUNTE EN VIA PUBLICA CON VIOLENCIA,2024-01-30,19.4509992325176,-99.1413706501708,Enero
2024,CENTRO,ROBO A TRANSEUNTE EN VIA PUBLICA CON VIOLENCIA,2024-01-30,19.4349717910406,-99.146262999655,Enero
2024,CENTRO,ROBO A TRANSEUNTE EN VIA PUBLICA CON VIOLENCIA,2024-01-30,19.4298516241443,-99.142689410479,Enero
2024,CENTRO,ROBO A TRANSEUNTE EN VIA PUBLICA CON VIOLENCIA,2024-01-30,19.4320056516621,-99.1422960195545,Enero
2024,SAN SIMÓN TOLNAHUAC,ROBO A TRANSEUNTE EN VIA PUBLICA CON VIOLENCIA,2024-01-30,19.4576974042367,-99.144597889908,Enero
2024,SAN SIMÓN TOLNAHUAC,ROBO A TRANSEUNTE EN VIA PUBLICA CON VIOLENCIA,2024-01-29,19.4582372181733,-99.1415239902925,Enero
2024,JUÁREZ,ROBO A TRANSEUNTE EN VIA PUBLICA CON VIOLENCIA,2024-01-31,19.4229296198331,-99.1705483899999,Febrero
2024,MORELOS,ROBO A TRANSEUNTE EN VIA PUBLICA CON VIOLENCIA,2024-01-28,19.447252709833,-99.1348367899999,Febrero
2024,PAULINO NAVARRO,ROBO A TRANSEUNTE EN VIA PUBLICA CON VIOLENCIA,2024-01-31,19.4114726098338,-99.1296118499999,Febrero
2024,ROMA NORTE,ROBO A TRANSEUNTE EN VIA PUBLICA CON VIOLENCIA,2024-02-01,19.4230721598338,-99.1634962,Febrero
2024,DOCTORES,ROBO A TRANSEUNTE EN VIA PUBLICA CON VIOLENCIA,2024-02-02,19.4231983798334,-99.1497740099999,Febrero
2024,SANTA MARIA LA RIBERA,ROBO A TRANSEUNTE EN VIA PUBLICA CON VIOLENCIA,2024-02-01,19.4547524098334,-99.1577511299999,Febrero
2024,EX-HIPÓDROMO DE PERALVILLO,ROBO A TRANSEUNTE EN VIA PUBLICA CON VIOLENCIA,2023-12-04,19.4594413998335,-99.1388166999999,Febrero
2024,CENTRO,ROBO A TRANSEUNTE EN VIA PUBLICA CON VIOLENCIA,2024-02-08,19.4436498498333,-99.1388453499999,Febrero
2024,CENTRO,ROBO A TRANSEUNTE EN VIA PUBLICA CON VIOLENCIA,2024-02-11,19.4337323898336,-99.1471816599999,Febrero
2024,JUÁREZ,ROBO A TRANSEUNTE EN VIA PUBLICA CON VIOLENCIA,2024-02-09,19.4278261398337,-99.1647662199999,Febrero
2024,ROMA NORTE,ROBO A TRANSEUNTE EN VIA PUBLICA CON VIOLENCIA,2024-02-09,19.4177833498335,-99.1619127999999,Febrero
2024,JUÁREZ,ROBO A TRANSEUNTE EN VIA PUBLICA CON VIOLENCIA,2024-02-10,19.4276361798332,-99.1630171499999,Febrero
2024,CENTRO,ROBO A TRANSEUNTE EN VIA PUBLICA CON VIOLENCIA,2024-02-13,19.4367410798335,-99.1398578899999,Febrero
2024,PERALVILLO,ROBO A TRANSEUNTE EN VIA PUBLICA CON VIOLENCIA,2024-02-12,19.4618100398329,-99.1329887499999,Febrero
2024,DOCTORES,ROBO A TRANSEUNTE EN VIA PUBLICA CON VIOLENCIA,2024-02-15,19.4082745598334,-99.1461946099999,Febrero
2024,CENTRO,ROBO A TRANSEUNTE EN VIA PUBLICA CON VIOLENCIA,2024-02-14,19.4360423398339,-99.1337390999999,Febrero
2024,FELIPE PESCADOR,ROBO A TRANSEUNTE EN VIA PUBLICA CON VIOLENCIA,2024-01-28,19.4536871398334,-99.1255218199999,Febrero
2024,DOCTORES,ROBO A TRANSEUNTE EN VIA PUBLICA CON VIOLENCIA,2023-02-16,19.4194444698338,-99.1503056299999,Febrero
2024,GUERRERO,ROBO A TRANSEUNTE EN VIA PUBLICA CON VIOLENCIA,2024-01-16,19.4451161198337,-99.14634959,Febrero
2024,VALLE GÓMEZ,ROBO A TRANSEUNTE EN VIA PUBLICA CON VIOLENCIA,2024-02-16,19.4599727498332,-99.1267298199999,Febrero
2024,CONDESA,ROBO A TRANSEUNTE EN VIA PUBLICA CON VIOLENCIA,2024-02-16,19.4149467498333,-99.1721624099999,Febrero
2024,HIPÓDROMO,ROBO A TRANSEUNTE EN VIA PUBLICA CON VIOLENCIA,2024-02-15,19.4058446798338,-99.1690000899999,Febrero
2024,DOCTORES,ROBO A TRANSEUNTE EN VIA PUBLICA CON VIOLENCIA,2024-02-17,19.4085596698337,-99.1495360999999,Febrero
2024,OBRERA,ROBO A TRANSEUNTE EN VIA PUBLICA CON VIOLENCIA,2024-02-06,19.4200665898339,-99.1402544999999,Febrero
2024,DOCTORES,ROBO A TRANSEUNTE EN VIA PUBLICA CON VIOLENCIA,2024-02-08,19.4240764698336,-99.1428657199999,Febrero
2024,CENTRO,ROBO A TRANSEUNTE EN VIA PUBLICA CON VIOLENCIA,2024-02-06,19.4245440998338,-99.1422852899999,Febrero
2024,ROMA NORTE,ROBO A TRANSEUNTE EN VIA PUBLICA CON VIOLENCIA,2024-02-18,19.4118604998335,-99.1580566799999,Febrero
2024,JUÁREZ,ROBO A TRANSEUNTE EN VIA PUBLICA CON VIOLENCIA,2024-02-17,19.4242557298334,-99.1667362999999,Febrero
2024,GUERRERO,ROBO A TRANSEUNTE EN VIA PUBLICA CON VIOLENCIA,2024-02-16,19.4462574698334,-99.1417899699999,Febrero
2024,OBRERA,ROBO A TRANSEUNTE EN VIA PUBLICA CON VIOLENCIA,2024-02-19,19.4141767098336,-99.1367148799999,Febrero
2024,GUERRERO,ROBO A TRANSEUNTE EN VIA PUBLICA CON VIOLENCIA,2024-02-19,19.4425572098335,-99.1480077799999,Febrero
2024,CENTRO URBANO BENITO JUÁREZ,ROBO A TRANSEUNTE EN VIA PUBLICA CON VIOLENCIA,2024-02-19,19.4074688198339,-99.1560396599999,Febrero
2024,TABACALERA,ROBO A TRANSEUNTE EN VIA PUBLICA CON VIOLENCIA,2024-02-19,19.4368118998335,-99.15421039,Febrero
2024,BUENAVISTA,ROBO A TRANSEUNTE EN VIA PUBLICA CON VIOLENCIA,2024-02-19,19.4405745098336,-99.1515930899999,Febrero
2024,TABACALERA,ROBO A TRANSEUNTE EN VIA PUBLICA CON VIOLENCIA,2024-02-20,19.4385426398337,-99.1556049599999,Febrero
2024,MORELOS,ROBO A TRANSEUNTE EN VIA PUBLICA CON VIOLENCIA,2024-02-20,19.4441470498331,-99.1328007699999,Febrero
2024,HIPÓDROMO,ROBO A TRANSEUNTE EN VIA PUBLICA CON VIOLENCIA,2024-02-20,19.4055891598331,-99.1774316099999,Febrero
2024,SAN RAFAEL,ROBO A TRANSEUNTE EN VIA PUBLICA CON VIOLENCIA,2024-02-20,19.4375284598331,-99.1588055499999,Febrero
2024,TABACALERA,ROBO A TRANSEUNTE EN VIA PUBLICA CON VIOLENCIA,2024-02-19,19.4366841698332,-99.1547106199999,Febrero
2024,GUERRERO,ROBO A TRANSEUNTE EN VIA PUBLICA CON VIOLENCIA,2023-11-18,19.4514681698332,-99.1428713499999,Febrero
2024,SANTA MARIA LA RIBERA,ROBO A TRANSEUNTE EN VIA PUBLICA CON VIOLENCIA,2024-02-12,19.4448132898332,-99.15611543,Febrero
2024,DOCTORES,ROBO A TRANSEUNTE EN VIA PUBLICA CON VIOLENCIA,2024-02-11,19.4109333498331,-99.1453617799999,Febrero
2024,ROMA NORTE,ROBO A TRANSEUNTE EN VIA PUBLICA CON VIOLENCIA,2024-02-21,19.4146090398334,-99.1611210999999,Febrero
2024,ROMA NORTE,ROBO A TRANSEUNTE EN VIA PUBLICA CON VIOLENCIA,2024-02-23,19.4173553298331,-99.1645564699999,Febrero
2024,ROMA SUR,ROBO A TRANSEUNTE EN VIA PUBLICA CON VIOLENCIA,2024-02-23,19.4050553698338,-99.1686138499999,Febrero
2024,CENTRO,ROBO A TRANSEUNTE EN VIA PUBLICA CON VIOLENCIA,2024-02-24,19.4406986998332,-99.1330663599999,Febrero
2024,CENTRO,ROBO A TRANSEUNTE EN VIA PUBLICA CON VIOLENCIA,2024-02-26,19.4318039698337,-99.13298768,Febrero
2024,ROMA SUR,ROBO A TRANSEUNTE EN VIA PUBLICA CON VIOLENCIA,2024-02-26,19.403480789834,-99.1590388999999,Febrero
2024,SAN RAFAEL,ROBO A TRANSEUNTE EN VIA PUBLICA CON VIOLENCIA,2024-02-17,19.4363903398335,-99.1583079099999,Febrero
2024,DOCTORES,ROBO A TRANSEUNTE EN VIA PUBLICA CON VIOLENCIA,2024-02-15,19.4213517898331,-99.1500216699999,Febrero
2024,NONOALCO TLATELOLCO,ROBO A TRANSEUNTE EN VIA PUBLICA CON VIOLENCIA,2024-02-28,19.4510638898334,-99.1383706899999,Febrero
2024,OBRERA,ROBO A TRANSEUNTE EN VIA PUBLICA CON VIOLENCIA,2024-02-28,19.4157653098334,-99.1437323399999,Febrero
2024,DOCTORES,ROBO A TRANSEUNTE EN VIA PUBLICA CON VIOLENCIA,2024-02-27,19.4193011298334,-99.1483014799999,Febrero
2024,DOCTORES,ROBO A TRANSEUNTE EN VIA PUBLICA CON VIOLENCIA,2024-02-28,19.4130570598338,-99.1454328599999,Febrero
2024,OBRERA,ROBO A TRANSEUNTE EN VIA PUBLICA CON VIOLENCIA,2024-02-29,19.4128051398333,-99.1381231699999,Febrero
2024,SAN RAFAEL,ROBO A TRANSEUNTE EN VIA PUBLICA CON VIOLENCIA,2024-02-23,19.4386145798334,-99.1676464799999,Febrero
2024,SAN RAFAEL,ROBO A TRANSEUNTE EN VIA PUBLICA CON VIOLENCIA,2024-02-29,19.4407934698333,-99.15866286,Febrero
2024,SAN RAFAEL,ROBO A TRANSEUNTE EN VIA PUBLICA CON VIOLENCIA,2024-02-29,19.4416782898335,-99.1605037499999,Febrero
2024,ESPERANZA,ROBO A TRANSEUNTE EN VIA PUBLICA CON VIOLENCIA,2024-01-25,19.4203939198339,-99.1295689299999,Febrero
2024,DOCTORES,ROBO A TRANSEUNTE EN VIA PUBLICA CON VIOLENCIA,2024-02-29,19.4160427298332,-99.1449572099999,Febrero
2024,CENTRO,ROBO A TRANSEUNTE EN VIA PUBLICA CON VIOLENCIA,2024-03-01,19.4331468298336,-99.13429633,Marzo
2024,OBRERA,ROBO A TRANSEUNTE EN VIA PUBLICA CON VIOLENCIA,2024-03-03,19.4122791698334,-99.1353718899999,Marzo
2024,JUÁREZ,ROBO A TRANSEUNTE EN VIA PUBLICA CON VIOLENCIA,2024-03-06,19.4273025398332,-99.1613356799999,Marzo
2024,DOCTORES,ROBO A TRANSEUNTE EN VIA PUBLICA CON VIOLENCIA,2024-02-20,19.4070248398336,-99.1480828799999,Marzo
2024,NONOALCO TLATELOLCO,ROBO A TRANSEUNTE EN VIA PUBLICA CON VIOLENCIA,2024-03-07,19.4532998798335,-99.1398310699999,Marzo
2024,BUENAVISTA,ROBO A TRANSEUNTE EN VIA PUBLICA CON VIOLENCIA,2024-03-07,19.4421537898336,-99.15113658,Marzo
2024,VISTA ALEGRE,ROBO A TRANSEUNTE EN VIA PUBLICA CON VIOLENCIA,2024-03-07,19.4087056398339,-99.1334361399999,Marzo
2024,CENTRO,ROBO A TRANSEUNTE EN VIA PUBLICA CON VIOLENCIA,2024-03-08,19.4303606698331,-99.1424636499999,Marzo
2024,DOCTORES,ROBO A TRANSEUNTE EN VIA PUBLICA CON VIOLENCIA,2024-03-08,19.4267359298333,-99.1477341899999,Marzo
2024,BUENAVISTA,ROBO A TRANSEUNTE EN VIA PUBLICA CON VIOLENCIA,2024-03-08,19.4393966598331,-99.1531634299999,Marzo
2024,ROMA NORTE,ROBO A TRANSEUNTE EN VIA PUBLICA CON VIOLENCIA,2024-03-09,19.4223155598337,-99.1620451199999,Marzo
2024,ROMA NORTE,ROBO A TRANSEUNTE EN VIA PUBLICA CON VIOLENCIA,2024-03-10,19.4207771898332,-99.1617890699999,Marzo
2024,DOCTORES,ROBO A TRANSEUNTE EN VIA PUBLICA CON VIOLENCIA,2024-03-11,19.4180466398331,-99.1490661399999,Marzo
2024,ALGARIN,ROBO A TRANSEUNTE EN VIA PUBLICA CON VIOLENCIA,2024-03-11,19.4060306198335,-99.13632944,Marzo
2024,EX-HIPÓDROMO DE PERALVILLO,ROBO A TRANSEUNTE EN VIA PUBLICA CON VIOLENCIA,2024-03-09,19.4555330498333,-99.1382673399999,Marzo
2024,JUÁREZ,ROBO A TRANSEUNTE EN VIA PUBLICA CON VIOLENCIA,2024-03-11,19.4300280498333,-99.1578260099999,Marzo
2024,NONOALCO TLATELOLCO,ROBO A TRANSEUNTE EN VIA PUBLICA CON VIOLENCIA,2024-03-12,19.4543632898337,-99.1375950799999,Marzo
2024,CENTRO,ROBO A TRANSEUNTE EN VIA PUBLICA CON VIOLENCIA,2024-03-12,19.4359639298336,-99.1472238999999,Marzo
2024,ROMA NORTE,ROBO A TRANSEUNTE EN VIA PUBLICA CON VIOLENCIA,2024-03-13,19.4224045998334,-99.16228453,Marzo
2024,GUERRERO,ROBO A TRANSEUNTE EN VIA PUBLICA CON VIOLENCIA,2024-03-14,19.437159679833,-99.1428525699999,Marzo
2024,CENTRO URBANO BENITO JUÁREZ,ROBO A TRANSEUNTE EN VIA PUBLICA CON VIOLENCIA,2024-03-14,19.4117289498337,-99.1549345899999,Marzo
2024,CENTRO,ROBO A TRANSEUNTE EN VIA PUBLICA CON VIOLENCIA,2024-03-14,19.4294007398336,-99.13479656,Marzo
2024,CENTRO,ROBO A TRANSEUNTE EN VIA PUBLICA CON VIOLENCIA,2024-03-15,19.4369895898332,-99.1468510799999,Marzo
2024,BUENAVISTA,ROBO A TRANSEUNTE EN VIA PUBLICA CON VIOLENCIA,2024-03-12,19.4441316698334,-99.1525420499999,Marzo
2024,EX-HIPÓDROMO DE PERALVILLO,ROBO A TRANSEUNTE EN VIA PUBLICA CON VIOLENCIA,2024-03-14,19.455482469833,-99.1381064099999,Marzo
2024,ROMA NORTE,ROBO A TRANSEUNTE EN VIA PUBLICA CON VIOLENCIA,2024-03-18,19.4188715098334,-99.1617219199999,Marzo
2024,CONDESA,ROBO A TRANSEUNTE EN VIA PUBLICA CON VIOLENCIA,2024-03-18,19.4145521198338,-99.1740855599999,Marzo
2024,ROMA NORTE,ROBO A TRANSEUNTE EN VIA PUBLICA CON VIOLENCIA,2024-03-21,19.4199690298331,-99.1589310799999,Marzo
2024,NONOALCO TLATELOLCO,ROBO A TRANSEUNTE EN VIA PUBLICA CON VIOLENCIA,2024-03-19,19.4533791198337,-99.1383039999999,Marzo
2024,ROMA NORTE,ROBO A TRANSEUNTE EN VIA PUBLICA CON VIOLENCIA,2024-02-04,19.4186486498339,-99.1622435999999,Marzo
2024,HIPÓDROMO,ROBO A TRANSEUNTE EN VIA PUBLICA CON VIOLENCIA,2024-03-24,19.4111546998336,-99.1686111699999,Marzo
2024,JUÁREZ,ROBO A TRANSEUNTE EN VIA PUBLICA CON VIOLENCIA,2024-03-23,19.4243417398335,-99.1613718899999,Marzo
2024,ATLAMPA,ROBO A TRANSEUNTE EN VIA PUBLICA CON VIOLENCIA,2024-03-27,19.4560563098338,-99.1617945999999,Marzo
2024,CENTRO,ROBO A TRANSEUNTE EN VIA PUBLICA CON VIOLENCIA,2024-03-09,19.4373158698338,-99.1368424099999,Marzo
2024,VISTA ALEGRE,ROBO A TRANSEUNTE EN VIA PUBLICA CON VIOLENCIA,2024-03-26,19.4111019998337,-99.1331139199999,Marzo
2024,BUENAVISTA,ROBO A TRANSEUNTE EN VIA PUBLICA CON VIOLENCIA,2024-03-28,19.4394506198338,-99.1540338099999,Marzo
2024,SAN RAFAEL,ROBO A TRANSEUNTE EN VIA PUBLICA CON VIOLENCIA,2023-03-26,19.4417379798335,-99.1608256099999,Marzo
2024,TABACALERA,ROBO A TRANSEUNTE EN VIA PUBLICA CON VIOLENCIA,2024-03-28,19.4358393598332,-99.1552014599999,Marzo
2024,TABACALERA,ROBO A TRANSEUNTE EN VIA PUBLICA CON VIOLENCIA,2024-03-29,19.4392238298335,-99.1547452199999,Marzo
2024,CENTRO,ROBO A TRANSEUNTE EN VIA PUBLICA CON VIOLENCIA,2024-03-28,19.4401731098337,-99.1273232099999,Marzo
2024,JUÁREZ,ROBO A TRANSEUNTE EN VIA PUBLICA CON VIOLENCIA,2024-03-30,19.4262616498338,-99.1637831899999,Marzo
2024,DOCTORES,ROBO A TRANSEUNTE EN VIA PUBLICA CON VIOLENCIA,2024-03-30,19.4134137498332,-99.1456235599999,Marzo
2024,GUERRERO,ROBO A TRANSEUNTE EN VIA PUBLICA CON VIOLENCIA,2024-03-30,19.448045609833,-99.1375471699999,Marzo
2024,VALLE GÓMEZ,ROBO A TRANSEUNTE EN VIA PUBLICA CON VIOLENCIA,2024-03-30,19.4573977998338,-99.1265907899999,Marzo
2024,TABACALERA,ROBO A TRANSEUNTE EN VIA PUBLICA CON VIOLENCIA,2024-03-30,19.4367271698332,-99.1542465999999,Marzo
2024,JUÁREZ,ROBO A TRANSEUNTE EN VIA PUBLICA CON VIOLENCIA,2024-03-30,19.4241292598335,-99.1627559099999,Marzo
2024,NONOALCO TLATELOLCO,ROBO A TRANSEUNTE EN VIA PUBLICA CON VIOLENCIA,2024-03-26,19.4495861198335,-99.13727796,Marzo
2024,JUÁREZ,ROBO A TRANSEUNTE EN VIA PUBLICA CON VIOLENCIA,2024-03-31,19.4243762698335,-99.1661279399999,Marzo
2024,SAN SIMÓN TOLNAHUAC,ROBO A TRANSEUNTE EN VIA PUBLICA CON VIOLENCIA,2024-03-31,19.4607377598332,-99.14232954,Marzo
2024,BUENAVISTA,ROBO A TRANSEUNTE EN VIA PUBLICA CON VIOLENCIA,2024-03-31,19.4397674198333,-99.1540400699999,Marzo
2024,SANTA MARIA LA RIBERA,ROBO A TRANSEUNTE EN VIA PUBLICA CON VIOLENCIA,2024-03-30,19.4541273098338,-99.15895522,Marzo
2024,GUERRERO,ROBO A TRANSEUNTE EN VIA PUBLICA CON VIOLENCIA,2024-03-31,19.4449165698339,-99.1456245499999,Marzo
2024,BUENAVISTA,ROBO A TRANSEUNTE EN VIA PUBLICA CON VIOLENCIA,2024-03-31,19.4408357898335,-99.1506466299999,Marzo
2024,CENTRO,ROBO A TRANSEUNTE EN VIA PUBLICA CON VIOLENCIA,2024-03-31,19.4414266298335,-99.1287763399999,Marzo
2024,GUERRERO,ROBO A TRANSEUNTE EN VIA PUBLICA CON VIOLENCIA,2024-03-31,19.4393101598337,-99.1410832099999,Marzo
2024,GUERRERO,ROBO A TRANSEUNTE EN VIA PUBLICA CON VIOLENCIA,2024-03-31,19.4491203298338,-99.1432088599999,Marzo
2024,CENTRO,ROBO A TRANSEUNTE EN VIA PUBLICA CON VIOLENCIA,2024-03-31,19.4298591198334,-99.1427600399999,Marzo
2024,GUERRERO,ROBO A TRANSEUNTE EN VIA PUBLICA CON VIOLENCIA,2024-03-31,19.439872383588,-99.1413941201286,Abril
2024,SAN RAFAEL,ROBO A TRANSEUNTE EN VIA PUBLICA CON VIOLENCIA,2024-04-03,19.4378750717195,-99.1625905003248,Abril
2024,GUERRERO,ROBO A TRANSEUNTE EN VIA PUBLICA CON VIOLENCIA,2024-04-03,19.4453153425645,-99.1472795602412,Abril
2024,ROMA SUR,ROBO A TRANSEUNTE EN VIA PUBLICA CON VIOLENCIA,2024-04-04,19.4082834076256,-99.1669133297736,Abril
2024,CENTRO,ROBO A TRANSEUNTE EN VIA PUBLICA CON VIOLENCIA,2024-04-05,19.4259526327358,-99.1341166197179,Abril
2024,SAN RAFAEL,ROBO A TRANSEUNTE EN VIA PUBLICA CON VIOLENCIA,2024-04-06,19.434889581354,-99.1604545701771,Abril
2024,CENTRO,ROBO A TRANSEUNTE EN VIA PUBLICA CON VIOLENCIA,2024-04-06,19.432515997986,-99.141051290231,Abril
2024,CENTRO,ROBO A TRANSEUNTE EN VIA PUBLICA CON VIOLENCIA,2024-04-08,19.4415568911607,-99.1396030802312,Abril
2024,JUÁREZ,ROBO A TRANSEUNTE EN VIA PUBLICA CON VIOLENCIA,2024-04-08,19.4248406921302,-99.1632323296372,Abril
2024,DOCTORES,ROBO A TRANSEUNTE EN VIA PUBLICA CON VIOLENCIA,2024-04-06,19.4105538892581,-99.1500355295623,Abril
2024,SANTA MARIA LA RIBERA,ROBO A TRANSEUNTE EN VIA PUBLICA CON VIOLENCIA,2024-04-08,19.4515503727737,-99.1626908604383,Abril
2024,BUENAVISTA,ROBO A TRANSEUNTE EN VIA PUBLICA CON VIOLENCIA,2024-04-11,19.4443592997477,-99.1538724296148,Abril
2024,CENTRO,ROBO A TRANSEUNTE EN VIA PUBLICA CON VIOLENCIA,2024-04-11,19.429118706177,-99.1331698001585,Abril
2024,ROMA NORTE,ROBO A TRANSEUNTE EN VIA PUBLICA CON VIOLENCIA,2024-04-13,19.4155326699541,-99.1563018603534,Abril
2024,CENTRO,ROBO A TRANSEUNTE EN VIA PUBLICA CON VIOLENCIA,2024-04-14,19.4366658258132,-99.1389171002726,Abril
2024,ATLAMPA,ROBO A TRANSEUNTE EN VIA PUBLICA CON VIOLENCIA,2024-04-14,19.4588292184847,-99.1629651199558,Abril
2024,NONOALCO TLATELOLCO,ROBO A TRANSEUNTE EN VIA PUBLICA CON VIOLENCIA,2024-04-14,19.4543352791834,-99.1374878895824,Abril
2024,FELIPE PESCADOR,ROBO A TRANSEUNTE EN VIA PUBLICA CON VIOLENCIA,2024-04-14,19.4539416787948,-99.1256699896961,Abril
2024,EX-HIPÓDROMO DE PERALVILLO,ROBO A TRANSEUNTE EN VIA PUBLICA CON VIOLENCIA,2024-04-15,19.4547446091132,-99.1375498497816,Abril
2024,BUENAVISTA,ROBO A TRANSEUNTE EN VIA PUBLICA CON VIOLENCIA,2024-04-15,19.441969157805,-99.152528639796,Abril
2024,PAULINO NAVARRO,ROBO A TRANSEUNTE EN VIA PUBLICA CON VIOLENCIA,2024-04-01,19.4110130367866,-99.1286073596126,Abril
2024,DOCTORES,ROBO A TRANSEUNTE EN VIA PUBLICA CON VIOLENCIA,2024-04-04,19.4090929484104,-99.1461154796009,Abril
2024,ROMA SUR,ROBO A TRANSEUNTE EN VIA PUBLICA CON VIOLENCIA,2024-04-16,19.4071323566104,-99.1623982796345,Abril
2024,CENTRO,ROBO A TRANSEUNTE EN VIA PUBLICA CON VIOLENCIA,2024-03-22,19.4337912017015,-99.1385462896836,Abril
2024,CENTRO,ROBO A TRANSEUNTE EN VIA PUBLICA CON VIOLENCIA,2024-04-16,19.4341661813354,-99.1409441796901,Abril
2024,PERALVILLO,ROBO A TRANSEUNTE EN VIA PUBLICA CON VIOLENCIA,2024-04-17,19.4588359597573,-99.1274519997781,Abril
2024,ATLAMPA,ROBO A TRANSEUNTE EN VIA PUBLICA CON VIOLENCIA,2024-04-19,19.4582998123307,-99.1515952302568,Abril
2024,OBRERA,ROBO A TRANSEUNTE EN VIA PUBLICA CON VIOLENCIA,2024-04-19,19.4181711227869,-99.1358842000635,Abril
2024,CENTRO,ROBO A TRANSEUNTE EN VIA PUBLICA CON VIOLENCIA,2024-04-16,19.4272774565777,-99.1458621499172,Abril
2024,CENTRO,ROBO A TRANSEUNTE EN VIA PUBLICA CON VIOLENCIA,2024-04-22,19.4370597825328,-99.1460135601748,Abril
2024,BUENAVISTA,ROBO A TRANSEUNTE EN VIA PUBLICA CON VIOLENCIA,2024-04-22,19.4412058206079,-99.1542060999099,Abril
2024,MORELOS,ROBO A TRANSEUNTE EN VIA PUBLICA CON VIOLENCIA,2024-04-22,19.4513129518344,-99.1282489498266,Abril
2024,ATLAMPA,ROBO A TRANSEUNTE EN VIA PUBLICA CON VIOLENCIA,2024-04-26,19.4568250775804,-99.1494913801665,Abril
2024,CENTRO,ROBO A TRANSEUNTE EN VIA PUBLICA CON VIOLENCIA,2024-04-26,19.4364935210915,-99.133671039672,Abril
2024,OBRERA,ROBO A TRANSEUNTE EN VIA PUBLICA CON VIOLENCIA,2024-04-28,19.4145204112358,-99.1386400303883,Abril
2024,CUAUHTÉMOC,ROBO A TRANSEUNTE EN VIA PUBLICA CON VIOLENCIA,2024-04-28,19.4278397592164,-99.1671790898046,Abril
2024,MORELOS,ROBO A TRANSEUNTE EN VIA PUBLICA CON VIOLENCIA,2024-04-28,19.4441999972251,-99.1328053803441,Abril
2024,TABACALERA,ROBO A TRANSEUNTE EN VIA PUBLICA CON VIOLENCIA,2024-04-29,19.4375315013915,-99.148184809842,Abril
2024,CENTRO,ROBO A TRANSEUNTE EN VIA PUBLICA CON VIOLENCIA,2024-04-29,19.4422707718129,-99.1299129297979,Abril
2024,JUÁREZ,ROBO A TRANSEUNTE EN VIA PUBLICA CON VIOLENCIA,2024-04-29,19.4252131597128,-99.15984168972,Abril
2024,CENTRO,ROBO A TRANSEUNTE EN VIA PUBLICA CON VIOLENCIA,2024-04-29,19.4395233428333,-99.1236278396667,Abril
2024,SANTA MARIA LA RIBERA,ROBO A TRANSEUNTE EN VIA PUBLICA CON VIOLENCIA,2024-04-29,19.4444617305817,-99.1586641999044,Abril
2024,CUAUHTÉMOC,ROBO A TRANSEUNTE EN VIA PUBLICA CON VIOLENCIA,2024-04-29,19.4254041409424,-99.1718378696329,Abril
2024,CENTRO,ROBO A TRANSEUNTE EN VIA PUBLICA CON VIOLENCIA,2024-04-29,19.4269003536334,-99.1308174997592,Abril
2024,SANTA MARIA INSURGENTES,ROBO A TRANSEUNTE EN VIA PUBLICA CON VIOLENCIA,2024-04-29,19.464045629663,-99.1452625400434,Abril
2024,TRANSITO,ROBO A TRANSEUNTE EN VIA PUBLICA CON VIOLENCIA,2024-04-28,19.4177546807772,-99.131894409955,Abril
2024,DOCTORES,ROBO A TRANSEUNTE EN VIA PUBLICA CON VIOLENCIA,2024-04-29,19.4169009167707,-99.1437189302107,Abril
2024,SAN RAFAEL,ROBO A TRANSEUNTE EN VIA PUBLICA CON VIOLENCIA,2024-04-30,19.4384774689925,-99.1681511699753,Abril
2024,BUENAVISTA,ROBO A TRANSEUNTE EN VIA PUBLICA CON VIOLENCIA,2024-04-24,19.4442271428747,-99.149094750262,Abril
2024,MORELOS,ROBO A TRANSEUNTE EN VIA PUBLICA CON VIOLENCIA,2024-04-30,19.444140521257,-99.1307048500134,Abril
2024,CENTRO,ROBO A TRANSEUNTE EN VIA PUBLICA CON VIOLENCIA,2024-04-30,19.4407462479324,-99.1303749402363,Abril
2024,CENTRO,ROBO A TRANSEUNTE EN VIA PUBLICA CON VIOLENCIA,2024-04-30,19.4266742717195,-99.1267098699489,Abril
2024,OBRERA,ROBO A TRANSEUNTE EN VIA PUBLICA CON VIOLENCIA,2024-04-30,19.4089677180742,-99.1358064101735,Abril
2024,SAN RAFAEL,ROBO A TRANSEUNTE EN VIA PUBLICA CON VIOLENCIA,2024-04-30,19.4415417112838,-99.1640433697411,Abril
2024,TABACALERA,ROBO A TRANSEUNTE EN VIA PUBLICA CON VIOLENCIA,2024-04-30,19.4376238241899,-99.1527539502748,Abril
2024,CUAUHTÉMOC,ROBO A TRANSEUNTE EN VIA PUBLICA CON VIOLENCIA,2024-04-30,19.4354946125548,-99.1677147695272,Abril
2024,JUÁREZ,ROBO A TRANSEUNTE EN VIA PUBLICA CON VIOLENCIA,2024-05-02,19.4266897698333,-99.1668576699999,Mayo
2024,CENTRO,ROBO A TRANSEUNTE EN VIA PUBLICA CON VIOLENCIA,2024-05-02,19.4241241998335,-99.1356012199999,Mayo
2024,SANTA MARIA LA RIBERA,ROBO A TRANSEUNTE EN VIA PUBLICA CON VIOLENCIA,2024-05-01,19.4495276998333,-99.1619767199999,Mayo
2024,CENTRO,ROBO A TRANSEUNTE EN VIA PUBLICA CON VIOLENCIA,2024-05-03,19.4378149398331,-99.1346619999999,Mayo
2024,GUERRERO,ROBO A TRANSEUNTE EN VIA PUBLICA CON VIOLENCIA,2024-05-03,19.4374720598339,-99.14656341,Mayo
2024,JUÁREZ,ROBO A TRANSEUNTE EN VIA PUBLICA CON VIOLENCIA,2024-05-05,19.4275731998333,-99.1647688999999,Mayo
2024,JUÁREZ,ROBO A TRANSEUNTE EN VIA PUBLICA CON VIOLENCIA,2024-05-06,19.4263109698338,-99.1657479099999,Mayo
2024,ROMA SUR,ROBO A TRANSEUNTE EN VIA PUBLICA CON VIOLENCIA,2024-01-20,19.4117647998336,-99.1598791699999,Mayo
2024,ROMA NORTE,ROBO A TRANSEUNTE EN VIA PUBLICA CON VIOLENCIA,2024-05-07,19.4183921498337,-99.1572681099999,Mayo
2024,CENTRO,ROBO A TRANSEUNTE EN VIA PUBLICA CON VIOLENCIA,2024-03-05,19.4341195098336,-99.1408831599999,Mayo
2024,JUÁREZ,ROBO A TRANSEUNTE EN VIA PUBLICA CON VIOLENCIA,2024-05-06,19.4273518598334,-99.1612806899999,Mayo
2024,BUENAVISTA,ROBO A TRANSEUNTE EN VIA PUBLICA CON VIOLENCIA,2024-05-08,19.441861659833,-99.1505585599999,Mayo
2024,DOCTORES,ROBO A TRANSEUNTE EN VIA PUBLICA CON VIOLENCIA,2024-05-08,19.4250324698334,-99.1447255199999,Mayo
2024,CENTRO,ROBO A TRANSEUNTE EN VIA PUBLICA CON VIOLENCIA,2024-05-08,19.4277009298336,-99.1488888899999,Mayo
2024,MORELOS,ROBO A TRANSEUNTE EN VIA PUBLICA CON VIOLENCIA,2024-05-10,19.4461208998337,-99.1304580899999,Mayo
2024,GUERRERO,ROBO A TRANSEUNTE EN VIA PUBLICA CON VIOLENCIA,2024-05-10,19.4383177998331,-99.1432289799999,Mayo
2024,BUENOS AIRES,ROBO A TRANSEUNTE EN VIA PUBLICA CON VIOLENCIA,2024-05-11,19.4052514298335,-99.1457654499999,Mayo
2024,CENTRO URBANO BENITO JUÁREZ,ROBO A TRANSEUNTE EN VIA PUBLICA CON VIOLENCIA,2024-05-10,19.4092002098339,-99.1551121499999,Mayo
2024,CENTRO,ROBO A TRANSEUNTE EN VIA PUBLICA CON VIOLENCIA,2024-04-19,19.4284091898335,-99.1453000899999,Mayo
2024,SAN SIMÓN TOLNAHUAC,ROBO A TRANSEUNTE EN VIA PUBLICA CON VIOLENCIA,2024-05-13,19.4573741898331,-99.1415879099999,Mayo
2024,TRANSITO,ROBO A TRANSEUNTE EN VIA PUBLICA CON VIOLENCIA,2024-05-13,19.4179140498331,-99.1342574399999,Mayo
2024,ROMA NORTE,ROBO A TRANSEUNTE EN VIA PUBLICA CON VIOLENCIA,2024-05-14,19.4216692598335,-99.1708253299999,Mayo
2024,CENTRO,ROBO A TRANSEUNTE EN VIA PUBLICA CON VIOLENCIA,2024-05-15,19.4268750498332,-99.1292644999999,Mayo
2024,NONOALCO TLATELOLCO,ROBO A TRANSEUNTE EN VIA PUBLICA CON VIOLENCIA,2024-05-15,19.4569341398333,-99.1481915099999,Mayo
2024,NONOALCO TLATELOLCO,ROBO A TRANSEUNTE EN VIA PUBLICA CON VIOLENCIA,2024-05-17,19.4525234498331,-99.1458204399999,Mayo
2024,CENTRO,ROBO A TRANSEUNTE EN VIA PUBLICA CON VIOLENCIA,2024-05-18,19.4324680198333,-99.14148536,Mayo
2024,CENTRO,ROBO A TRANSEUNTE EN VIA PUBLICA CON VIOLENCIA,2024-05-18,19.4327092498336,-99.1412392299999,Mayo
2024,MORELOS,ROBO A TRANSEUNTE EN VIA PUBLICA CON VIOLENCIA,2024-05-18,19.4470174998332,-99.1291344199999,Mayo
2024,HIPÓDROMO,ROBO A TRANSEUNTE EN VIA PUBLICA CON VIOLENCIA,2024-05-19,19.4118257198338,-99.1720262899999,Mayo
2024,CENTRO,ROBO A TRANSEUNTE EN VIA PUBLICA CON VIOLENCIA,2024-05-19,19.4377574498337,-99.14010331,Mayo
2024,CENTRO,ROBO A TRANSEUNTE EN VIA PUBLICA CON VIOLENCIA,2024-05-22,19.4260263998334,-99.1388753099999,Mayo
2024,OBRERA,ROBO A TRANSEUNTE EN VIA PUBLICA CON VIOLENCIA,2024-05-22,19.4121773498332,-99.1415295699999,Mayo
2024,CENTRO,ROBO A TRANSEUNTE EN VIA PUBLICA CON VIOLENCIA,2024-05-24,19.4289389598332,-99.13264057,Mayo
2024,MORELOS,ROBO A TRANSEUNTE EN VIA PUBLICA CON VIOLENCIA,2024-05-25,19.4457834598338,-99.1367071899999,Mayo
2024,BUENAVISTA,ROBO A TRANSEUNTE EN VIA PUBLICA CON VIOLENCIA,2024-05-25,19.4390417598336,-99.1531099699999,Mayo
2024,ROMA NORTE,ROBO A TRANSEUNTE EN VIA PUBLICA CON VIOLENCIA,2024-05-26,19.4223266898338,-99.1620588899999,Mayo
2024,CENTRO,ROBO A TRANSEUNTE EN VIA PUBLICA CON VIOLENCIA,2024-05-26,19.4339220898333,-99.12511781,Mayo
2024,CENTRO,ROBO A TRANSEUNTE EN VIA PUBLICA CON VIOLENCIA,2024-05-27,19.4401847498338,-99.1285107999999,Mayo
2024,JUÁREZ,ROBO A TRANSEUNTE EN VIA PUBLICA CON VIOLENCIA,2024-05-17,19.4237649998335,-99.1660013799999,Mayo
2024,CENTRO,ROBO A TRANSEUNTE EN VIA PUBLICA CON VIOLENCIA,2024-05-24,19.4282156798331,-99.1396821999999,Mayo
2024,CENTRO,ROBO A TRANSEUNTE EN VIA PUBLICA CON VIOLENCIA,2024-05-27,19.4401556598333,-99.13022071,Mayo
2024,CENTRO,ROBO A TRANSEUNTE EN VIA PUBLICA CON VIOLENCIA,2024-05-27,19.4313355598337,-99.1479087599999,Mayo
2024,CENTRO,ROBO A TRANSEUNTE EN VIA PUBLICA CON VIOLENCIA,2024-05-21,19.4430529398334,-99.1287660599999,Mayo
2024,OBRERA,ROBO A TRANSEUNTE EN VIA PUBLICA CON VIOLENCIA,2024-05-27,19.4137573698338,-99.13717031,Mayo
2024,OBRERA,ROBO A TRANSEUNTE EN VIA PUBLICA CON VIOLENCIA,2024-05-17,19.412666219834,-99.141431,Mayo
2024,OBRERA,ROBO A TRANSEUNTE EN VIA PUBLICA CON VIOLENCIA,2024-05-19,19.4199908698338,-99.1404345599999,Mayo
2024,CENTRO,ROBO A TRANSEUNTE EN VIA PUBLICA CON VIOLENCIA,2024-05-28,19.4384736698333,-99.1392141599999,Mayo
2024,CENTRO,ROBO A TRANSEUNTE EN VIA PUBLICA CON VIOLENCIA,2024-05-27,19.4260276698335,-99.1279314499999,Mayo
2024,OBRERA,ROBO A TRANSEUNTE EN VIA PUBLICA CON VIOLENCIA,2024-04-23,19.4208838198332,-99.1432750199999,Mayo
2024,MORELOS,ROBO A TRANSEUNTE EN VIA PUBLICA CON VIOLENCIA,2024-05-30,19.4434152598336,-99.1317491199999,Mayo
2024,SANTA MARIA LA RIBERA,ROBO A TRANSEUNTE EN VIA PUBLICA CON VIOLENCIA,2024-04-11,19.4466069198338,-99.1645702,Mayo
2024,BUENAVISTA,ROBO A TRANSEUNTE EN VIA PUBLICA CON VIOLENCIA,2024-05-29,19.4417674498335,-99.1497952499999,Mayo
2024,SANTA MARIA LA RIBERA,ROBO A TRANSEUNTE EN VIA PUBLICA CON VIOLENCIA,2024-05-30,19.4466001798338,-99.16460073,Mayo
2024,GUERRERO,ROBO A TRANSEUNTE EN VIA PUBLICA CON VIOLENCIA,2024-05-30,19.4403843098338,-99.1408642499999,Mayo
2024,ROMA NORTE,ROBO A TRANSEUNTE EN VIA PUBLICA CON VIOLENCIA,2024-05-31,19.4191372498332,-99.1544126299999,Junio
2024,DOCTORES,ROBO A TRANSEUNTE EN VIA PUBLICA CON VIOLENCIA,2024-06-01,19.4159545098332,-99.1479235999999,Junio
2024,VISTA ALEGRE,ROBO A TRANSEUNTE EN VIA PUBLICA CON VIOLENCIA,2024-05-31,19.4110762798339,-99.13309336,Junio
2024,ROMA SUR,ROBO A TRANSEUNTE EN VIA PUBLICA CON VIOLENCIA,2024-06-02,19.4070791198336,-99.1676786999999,Junio
2024,DOCTORES,ROBO A TRANSEUNTE EN VIA PUBLICA CON VIOLENCIA,2024-06-03,19.4131675298332,-99.1441731199999,Junio
2024,GUERRERO,ROBO A TRANSEUNTE EN VIA PUBLICA CON VIOLENCIA,2024-06-03,19.4436877798338,-99.1391859899999,Junio
2024,CENTRO,ROBO A TRANSEUNTE EN VIA PUBLICA CON VIOLENCIA,2024-06-05,19.4243961198331,-99.1260887699999,Junio
2024,HIPÓDROMO,ROBO A TRANSEUNTE EN VIA PUBLICA CON VIOLENCIA,2024-04-30,19.4091485998334,-99.1759523699999,Junio
2024,ROMA NORTE,ROBO A TRANSEUNTE EN VIA PUBLICA CON VIOLENCIA,2024-06-07,19.4193470798334,-99.1587687999999,Junio
2024,GUERRERO,ROBO A TRANSEUNTE EN VIA PUBLICA CON VIOLENCIA,2024-06-07,19.4449764298334,-99.1459545499999,Junio
2024,PERALVILLO,ROBO A TRANSEUNTE EN VIA PUBLICA CON VIOLENCIA,2024-06-03,19.4623738298332,-99.1308508499999,Junio
2024,ROMA NORTE,ROBO A TRANSEUNTE EN VIA PUBLICA CON VIOLENCIA,2024-06-11,19.4192256598335,-99.1650760199999,Junio
2024,ROMA NORTE,ROBO A TRANSEUNTE EN VIA PUBLICA CON VIOLENCIA,2024-06-12,19.4112384398334,-99.1661028099999,Junio
2024,HIPÓDROMO,ROBO A TRANSEUNTE EN VIA PUBLICA CON VIOLENCIA,2024-06-12,19.4119161498337,-99.1727474699999,Junio
2024,SAN RAFAEL,ROBO A TRANSEUNTE EN VIA PUBLICA CON VIOLENCIA,2024-06-13,19.4422080898334,-99.1627569799999,Junio
2024,GUERRERO,ROBO A TRANSEUNTE EN VIA PUBLICA CON VIOLENCIA,2024-06-13,19.4512892398338,-99.14374155,Junio
2024,CENTRO,ROBO A TRANSEUNTE EN VIA PUBLICA CON VIOLENCIA,2024-06-14,19.4369130698338,-99.1340687899999,Junio
2024,GUERRERO,ROBO A TRANSEUNTE EN VIA PUBLICA CON VIOLENCIA,2024-06-13,19.4469504698331,-99.1462187499999,Junio
2024,CENTRO,ROBO A TRANSEUNTE EN VIA PUBLICA CON VIOLENCIA,2024-06-14,19.4270704598332,-99.1377302299999,Junio
2024,CENTRO,ROBO A TRANSEUNTE EN VIA PUBLICA CON VIOLENCIA,2024-06-11,19.4322172698333,-99.1426272699999,Junio
2024,CENTRO,ROBO A TRANSEUNTE EN VIA PUBLICA CON VIOLENCIA,2024-06-13,19.4310303398333,-99.1400235099999,Junio
2024,SAN RAFAEL,ROBO A TRANSEUNTE EN VIA PUBLICA CON VIOLENCIA,2024-06-14,19.4367107298331,-99.1577079899999,Junio
2024,CENTRO,ROBO A TRANSEUNTE EN VIA PUBLICA CON VIOLENCIA,2024-06-14,19.4295354398335,-99.14143905,Junio
2024,BUENAVISTA,ROBO A TRANSEUNTE EN VIA PUBLICA CON VIOLENCIA,2024-06-14,19.4418528098332,-99.1495835799999,Junio
2024,MORELOS,ROBO A TRANSEUNTE EN VIA PUBLICA CON VIOLENCIA,2024-06-14,19.4454632998338,-99.1266493499999,Junio
2024,SAN RAFAEL,ROBO A TRANSEUNTE EN VIA PUBLICA CON VIOLENCIA,2024-06-14,19.4387851998336,-99.1681404399999,Junio
2024,ROMA NORTE,ROBO A TRANSEUNTE EN VIA PUBLICA CON VIOLENCIA,2024-06-14,19.4219247398332,-99.1702238499999,Junio
2024,JUÁREZ,ROBO A TRANSEUNTE EN VIA PUBLICA CON VIOLENCIA,2024-06-14,19.4270655298339,-99.1644237899999,Junio
2024,ROMA SUR,ROBO A TRANSEUNTE EN VIA PUBLICA CON VIOLENCIA,2024-06-14,19.4109411898339,-99.1608720099999,Junio
2024,CENTRO,ROBO A TRANSEUNTE EN VIA PUBLICA CON VIOLENCIA,2024-06-14,19.4407930398337,-99.1289225199999,Junio
2024,JUÁREZ,ROBO A TRANSEUNTE EN VIA PUBLICA CON VIOLENCIA,2024-06-14,19.4269774998334,-99.1563025099999,Junio
2024,CENTRO,ROBO A TRANSEUNTE EN VIA PUBLICA CON VIOLENCIA,2024-06-15,19.4350712798332,-99.1462066799999,Junio
2024,DOCTORES,ROBO A TRANSEUNTE EN VIA PUBLICA CON VIOLENCIA,2024-06-15,19.4265093698333,-99.1421282599999,Junio
2024,DOCTORES,ROBO A TRANSEUNTE EN VIA PUBLICA CON VIOLENCIA,2024-06-17,19.4122975098337,-99.1487722099999,Junio
2024,CENTRO,ROBO A TRANSEUNTE EN VIA PUBLICA CON VIOLENCIA,2024-06-12,19.431794859833,-99.13257167,Junio
2024,SANTA MARIA LA RIBERA,ROBO A TRANSEUNTE EN VIA PUBLICA CON VIOLENCIA,2024-06-14,19.451234859833,-99.1606704899999,Junio
2024,DOCTORES,ROBO A TRANSEUNTE EN VIA PUBLICA CON VIOLENCIA,2024-03-01,19.4171813998333,-99.1542982299999,Junio
2024,JUÁREZ,ROBO A TRANSEUNTE EN VIA PUBLICA CON VIOLENCIA,2024-06-21,19.4268282598339,-99.1600066399999,Junio
2024,JUÁREZ,ROBO A TRANSEUNTE EN VIA PUBLICA CON VIOLENCIA,2024-06-22,19.4262610198337,-99.1657177399999,Junio
2024,CENTRO,ROBO A TRANSEUNTE EN VIA PUBLICA CON VIOLENCIA,2024-06-22,19.4324972998332,-99.1289985199999,Junio
2024,ROMA SUR,ROBO A TRANSEUNTE EN VIA PUBLICA CON VIOLENCIA,2024-06-15,19.410275529834,-99.1623212999999,Junio
2024,JUÁREZ,ROBO A TRANSEUNTE EN VIA PUBLICA CON VIOLENCIA,2024-06-23,19.4275871098337,-99.1630428999999,Junio
2024,MORELOS,ROBO A TRANSEUNTE EN VIA PUBLICA CON VIOLENCIA,2024-04-03,19.4473434998339,-99.1316041699999,Junio
2024,NONOALCO TLATELOLCO,ROBO A TRANSEUNTE EN VIA PUBLICA CON VIOLENCIA,2024-06-24,19.4550980498335,-99.1403809199999,Junio
2024,NONOALCO TLATELOLCO,ROBO A TRANSEUNTE EN VIA PUBLICA CON VIOLENCIA,2024-06-25,19.4547992598338,-99.1386365399999,Junio
2024,NONOALCO TLATELOLCO,ROBO A TRANSEUNTE EN VIA PUBLICA CON VIOLENCIA,2024-06-25,19.454054809833,-99.1356722999999,Junio
2024,NONOALCO TLATELOLCO,ROBO A TRANSEUNTE EN VIA PUBLICA CON VIOLENCIA,2024-06-26,19.451445409833,-99.1414739199999,Junio
2024,EX-HIPÓDROMO DE PERALVILLO,ROBO A TRANSEUNTE EN VIA PUBLICA CON VIOLENCIA,2024-06-26,19.456728659833,-99.13693964,Junio
2024,JUÁREZ,ROBO A TRANSEUNTE EN VIA PUBLICA CON VIOLENCIA,2024-06-29,19.4238889498339,-99.1738307499999,Junio
2024,JUÁREZ,ROBO A TRANSEUNTE EN VIA PUBLICA CON VIOLENCIA,2024-06-29,19.4234232598333,-99.1744458699999,Junio
2024,JUÁREZ,ROBO A TRANSEUNTE EN VIA PUBLICA CON VIOLENCIA,2024-06-29,19.4278969698333,-99.1648520499999,Junio
2024,JUÁREZ,ROBO A TRANSEUNTE EN VIA PUBLICA CON VIOLENCIA,2024-06-29,19.4291174398335,-99.1552028099999,Julio
2024,NONOALCO TLATELOLCO,ROBO A TRANSEUNTE EN VIA PUBLICA CON VIOLENCIA,2024-07-01,19.4561678398332,-99.1453014299999,Julio
2024,JUÁREZ,ROBO A TRANSEUNTE EN VIA PUBLICA CON VIOLENCIA,2024-06-29,19.4235440898333,-99.1750833399999,Julio
2024,ROMA NORTE,ROBO A TRANSEUNTE EN VIA PUBLICA CON VIOLENCIA,2024-07-02,19.4228151498332,-99.1637282099999,Julio
2024,HIPÓDROMO,ROBO A TRANSEUNTE EN VIA PUBLICA CON VIOLENCIA,2024-07-03,19.4146311298333,-99.16582033,Julio
2024,SAN SIMÓN TOLNAHUAC,ROBO A TRANSEUNTE EN VIA PUBLICA CON VIOLENCIA,2024-07-01,19.4603217498333,-99.1433916999999,Julio
2024,MORELOS,ROBO A TRANSEUNTE EN VIA PUBLICA CON VIOLENCIA,2024-07-04,19.4527118598332,-99.1288541299999,Julio
2024,ROMA NORTE,ROBO A TRANSEUNTE EN VIA PUBLICA CON VIOLENCIA,2024-07-04,19.4150017698332,-99.15519275,Julio
2024,NONOALCO TLATELOLCO,ROBO A TRANSEUNTE EN VIA PUBLICA CON VIOLENCIA,2024-06-01,19.4519164598333,-99.1361859399999,Julio
2024,GUERRERO,ROBO A TRANSEUNTE EN VIA PUBLICA CON VIOLENCIA,2024-07-05,19.4447955898338,-99.14446458,Julio
2024,ROMA SUR,ROBO A TRANSEUNTE EN VIA PUBLICA CON VIOLENCIA,2024-06-29,19.4041205898339,-99.1606624399999,Julio
2024,MORELOS,ROBO A TRANSEUNTE EN VIA PUBLICA CON VIOLENCIA,2024-07-05,19.4441971098336,-99.1306957999999,Julio
2024,GUERRERO,ROBO A TRANSEUNTE EN VIA PUBLICA CON VIOLENCIA,2024-07-05,19.4442442198336,-99.1461195099999,Julio
2024,SAN RAFAEL,ROBO A TRANSEUNTE EN VIA PUBLICA CON VIOLENCIA,2024-07-05,19.4386494598334,-99.1675905899999,Julio
2024,CENTRO,ROBO A TRANSEUNTE EN VIA PUBLICA CON VIOLENCIA,2024-06-29,19.4370408098337,-99.13530216,Julio
2024,CENTRO,ROBO A TRANSEUNTE EN VIA PUBLICA CON VIOLENCIA,2024-07-05,19.4313294498332,-99.1344143499999,Julio
2024,GUERRERO,ROBO A TRANSEUNTE EN VIA PUBLICA CON VIOLENCIA,2024-06-26,19.4442075398334,-99.1468772299999,Julio
2024,GUERRERO,ROBO A TRANSEUNTE EN VIA PUBLICA CON VIOLENCIA,2024-06-25,19.4440507298331,-99.1398122899999,Julio
2024,ROMA SUR,ROBO A TRANSEUNTE EN VIA PUBLICA CON VIOLENCIA,2024-07-05,19.406477339834,-99.1553941399999,Julio
2024,OBRERA,ROBO A TRANSEUNTE EN VIA PUBLICA CON VIOLENCIA,2024-06-26,19.4128723898331,-99.1389378899999,Julio
2024,TABACALERA,ROBO A TRANSEUNTE EN VIA PUBLICA CON VIOLENCIA,2024-06-29,19.4362402698337,-99.1495165199999,Julio
2024,JUÁREZ,ROBO A TRANSEUNTE EN VIA PUBLICA CON VIOLENCIA,2024-06-22,19.4283080098333,-99.16345328,Julio
2024,DOCTORES,ROBO A TRANSEUNTE EN VIA PUBLICA CON VIOLENCIA,2024-06-23,19.4172051098337,-99.14706565,Julio
2024,MORELOS,ROBO A TRANSEUNTE EN VIA PUBLICA CON VIOLENCIA,2024-07-05,19.4525057398336,-99.13106024,Julio
2024,JUÁREZ,ROBO A TRANSEUNTE EN VIA PUBLICA CON VIOLENCIA,2024-06-29,19.4230554598336,-99.1713832299999,Julio
2024,TABACALERA,ROBO A TRANSEUNTE EN VIA PUBLICA CON VIOLENCIA,2024-06-29,19.4345139698335,-99.1519586699999,Julio
2024,NONOALCO TLATELOLCO,ROBO A TRANSEUNTE EN VIA PUBLICA CON VIOLENCIA,2024-07-05,19.4532417098333,-99.1410246499999,Julio
2024,SAN RAFAEL,ROBO A TRANSEUNTE EN VIA PUBLICA CON VIOLENCIA,2024-07-05,19.4394310198333,-99.1602762,Julio
2024,ROMA NORTE,ROBO A TRANSEUNTE EN VIA PUBLICA CON VIOLENCIA,2024-06-29,19.4206624798332,-99.1656459899999,Julio
2024,BUENAVISTA,ROBO A TRANSEUNTE EN VIA PUBLICA CON VIOLENCIA,2024-06-20,19.4410674698332,-99.1535036299999,Julio
2024,ROMA NORTE,ROBO A TRANSEUNTE EN VIA PUBLICA CON VIOLENCIA,2024-07-04,19.4171709598335,-99.1593890599999,Julio
2024,JUÁREZ,ROBO A TRANSEUNTE EN VIA PUBLICA CON VIOLENCIA,2024-07-05,19.4270767798334,-99.1560577599999,Julio
2024,CUAUHTÉMOC,ROBO A TRANSEUNTE EN VIA PUBLICA CON VIOLENCIA,2024-07-05,19.4318037098337,-99.1593334099999,Julio
2024,TABACALERA,ROBO A TRANSEUNTE EN VIA PUBLICA CON VIOLENCIA,2024-06-05,19.4315937698335,-99.1585153299999,Julio
2024,SAN RAFAEL,ROBO A TRANSEUNTE EN VIA PUBLICA CON VIOLENCIA,2024-06-05,19.4413235598332,-99.1629966299999,Julio
2024,TABACALERA,ROBO A TRANSEUNTE EN VIA PUBLICA CON VIOLENCIA,2024-07-04,19.4379298698337,-99.1537812399999,Julio
2024,JUÁREZ,ROBO A TRANSEUNTE EN VIA PUBLICA CON VIOLENCIA,2024-07-06,19.4220550198332,-99.1747024699999,Julio
2024,SAN RAFAEL,ROBO A TRANSEUNTE EN VIA PUBLICA CON VIOLENCIA,2024-06-09,19.438749999833,-99.1679412899999,Julio
2024,JUÁREZ,ROBO A TRANSEUNTE EN VIA PUBLICA CON VIOLENCIA,2024-06-29,19.4271608898332,-99.1560409999999,Julio
2024,ROMA NORTE,ROBO A TRANSEUNTE EN VIA PUBLICA CON VIOLENCIA,2024-06-29,19.4208863498339,-99.1555032099999,Julio
2024,DOCTORES,ROBO A TRANSEUNTE EN VIA PUBLICA CON VIOLENCIA,2024-07-06,19.4132483498334,-99.1455890499999,Julio
2024,CENTRO,ROBO A TRANSEUNTE EN VIA PUBLICA CON VIOLENCIA,2024-07-07,19.4254022398336,-99.1314323999999,Julio
2024,JUÁREZ,ROBO A TRANSEUNTE EN VIA PUBLICA CON VIOLENCIA,2024-07-06,19.4250338798336,-99.1670591799999,Julio
2024,ROMA NORTE,ROBO A TRANSEUNTE EN VIA PUBLICA CON VIOLENCIA,2024-06-29,19.4194288698338,-99.1666746099999,Julio
2024,MORELOS,ROBO A TRANSEUNTE EN VIA PUBLICA CON VIOLENCIA,2024-07-07,19.4471654498338,-99.12920818,Julio
2024,ROMA NORTE,ROBO A TRANSEUNTE EN VIA PUBLICA CON VIOLENCIA,2024-06-29,19.4191004398339,-99.1716018299999,Julio
2024,ROMA NORTE,ROBO A TRANSEUNTE EN VIA PUBLICA CON VIOLENCIA,2024-06-29,19.4203889898334,-99.1764590899999,Julio
2024,MORELOS,ROBO A TRANSEUNTE EN VIA PUBLICA CON VIOLENCIA,2024-07-07,19.4475056298332,-99.1327634499999,Julio
2024,MORELOS,ROBO A TRANSEUNTE EN VIA PUBLICA CON VIOLENCIA,2024-07-07,19.4476912098333,-99.1342517399999,Julio
2024,OBRERA,ROBO A TRANSEUNTE EN VIA PUBLICA CON VIOLENCIA,2024-07-07,19.414506629834,-99.1386397199999,Julio
2024,CENTRO,ROBO A TRANSEUNTE EN VIA PUBLICA CON VIOLENCIA,2024-07-09,19.4358342998334,-99.1462375199999,Julio
2024,CENTRO,ROBO A TRANSEUNTE EN VIA PUBLICA CON VIOLENCIA,2024-07-09,19.4431857298333,-99.13156182,Julio
2024,CONDESA,ROBO A TRANSEUNTE EN VIA PUBLICA CON VIOLENCIA,2024-07-06,19.4143035698332,-99.1709762099999,Julio
2024,ROMA NORTE,ROBO A TRANSEUNTE EN VIA PUBLICA CON VIOLENCIA,2024-07-01,19.4195532498338,-99.1601032,Julio
2024,CENTRO,ROBO A TRANSEUNTE EN VIA PUBLICA CON VIOLENCIA,2024-07-10,19.4401202498336,-99.12900835,Julio
2024,CENTRO,ROBO A TRANSEUNTE EN VIA PUBLICA CON VIOLENCIA,2024-07-10,19.4329859598332,-99.1421722799999,Julio
2024,CENTRO,ROBO A TRANSEUNTE EN VIA PUBLICA CON VIOLENCIA,2024-07-11,19.4293529398336,-99.1469696799999,Julio
2024,ROMA NORTE,ROBO A TRANSEUNTE EN VIA PUBLICA CON VIOLENCIA,2024-07-11,19.4197050198332,-99.1680425399999,Julio
2024,CENTRO,ROBO A TRANSEUNTE EN VIA PUBLICA CON VIOLENCIA,2024-07-11,19.4311681998332,-99.1413196899999,Julio
2024,DOCTORES,ROBO A TRANSEUNTE EN VIA PUBLICA CON VIOLENCIA,2024-06-28,19.423678679833,-99.15239453,Julio
2024,EX-HIPÓDROMO DE PERALVILLO,ROBO A TRANSEUNTE EN VIA PUBLICA CON VIOLENCIA,2024-06-15,19.4559079798334,-99.1323094799999,Julio
2024,BUENOS AIRES,ROBO A TRANSEUNTE EN VIA PUBLICA CON VIOLENCIA,2024-07-11,19.4064961098338,-99.1447784,Julio
2024,CUAUHTÉMOC,ROBO A TRANSEUNTE EN VIA PUBLICA CON VIOLENCIA,2024-07-11,19.4306401698338,-99.1602989999999,Julio
2024,OBRERA,ROBO A TRANSEUNTE EN VIA PUBLICA CON VIOLENCIA,2024-07-11,19.4139563698333,-99.13505808,Julio
2024,CENTRO,ROBO A TRANSEUNTE EN VIA PUBLICA CON VIOLENCIA,2024-07-12,19.4368827198332,-99.1450265,Julio
2024,CENTRO,ROBO A TRANSEUNTE EN VIA PUBLICA CON VIOLENCIA,2024-07-13,19.439632989833,-99.1399604799999,Julio
2024,CENTRO,ROBO A TRANSEUNTE EN VIA PUBLICA CON VIOLENCIA,2024-07-13,19.4385856398338,-99.1330792299999,Julio
2024,SAN RAFAEL,ROBO A TRANSEUNTE EN VIA PUBLICA CON VIOLENCIA,2024-07-13,19.4420817098332,-99.1617058199999,Julio
2024,ROMA NORTE,ROBO A TRANSEUNTE EN VIA PUBLICA CON VIOLENCIA,2024-07-15,19.4230541998339,-99.1635317799999,Julio
2024,AMPLIACIÓN ASTURIAS,ROBO A TRANSEUNTE EN VIA PUBLICA CON VIOLENCIA,2024-07-12,19.406831939834,-99.12702687,Julio
2024,PERALVILLO,ROBO A TRANSEUNTE EN VIA PUBLICA CON VIOLENCIA,2024-07-15,19.4608502998331,-99.1363374899999,Julio
2024,DOCTORES,ROBO A TRANSEUNTE EN VIA PUBLICA CON VIOLENCIA,2024-07-16,19.4072012698331,-99.1456690299999,Julio
2024,SANTA MARIA LA RIBERA,ROBO A TRANSEUNTE EN VIA PUBLICA CON VIOLENCIA,2024-07-16,19.4513474098334,-99.16067156,Julio
2024,GUERRERO,ROBO A TRANSEUNTE EN VIA PUBLICA CON VIOLENCIA,2024-07-16,19.4422692998335,-99.1412718599999,Julio
2024,DOCTORES,ROBO A TRANSEUNTE EN VIA PUBLICA CON VIOLENCIA,2024-07-16,19.4241937598336,-99.1529108599999,Julio
2024,BUENOS AIRES,ROBO A TRANSEUNTE EN VIA PUBLICA CON VIOLENCIA,2024-07-19,19.406110309834,-99.1449174299999,Julio
2024,ALGARIN,ROBO A TRANSEUNTE EN VIA PUBLICA CON VIOLENCIA,2024-07-20,19.4060504398335,-99.1375806899999,Julio
2024,CENTRO,ROBO A TRANSEUNTE EN VIA PUBLICA CON VIOLENCIA,2024-07-20,19.4352141898333,-99.1419285499999,Julio
2024,JUÁREZ,ROBO A TRANSEUNTE EN VIA PUBLICA CON VIOLENCIA,2024-07-13,19.4269440298337,-99.1606863999999,Julio
2024,SANTA MARIA LA RIBERA,ROBO A TRANSEUNTE EN VIA PUBLICA CON VIOLENCIA,2024-06-10,19.4466844898337,-99.1543230399999,Julio
2024,OBRERA,ROBO A TRANSEUNTE EN VIA PUBLICA CON VIOLENCIA,2024-05-31,19.4183990998339,-99.1343613699999,Julio
2024,ROMA NORTE,ROBO A TRANSEUNTE EN VIA PUBLICA CON VIOLENCIA,2024-07-21,19.4175605298335,-99.1660208299999,Julio
2024,JUÁREZ,ROBO A TRANSEUNTE EN VIA PUBLICA CON VIOLENCIA,2024-07-23,19.4291847898334,-99.1612743199999,Julio
2024,BUENAVISTA,ROBO A TRANSEUNTE EN VIA PUBLICA CON VIOLENCIA,2024-07-22,19.4459836898338,-99.15079795,Julio
2024,ROMA NORTE,ROBO A TRANSEUNTE EN VIA PUBLICA CON VIOLENCIA,2024-07-24,19.4178014798334,-99.1646795,Julio
2024,CENTRO,ROBO A TRANSEUNTE EN VIA PUBLICA CON VIOLENCIA,2024-07-27,19.434348299833,-99.14185077,Julio
2024,DOCTORES,ROBO A TRANSEUNTE EN VIA PUBLICA CON VIOLENCIA,2024-07-29,19.4132614598335,-99.14537036,Julio
2024,OBRERA,ROBO A TRANSEUNTE EN VIA PUBLICA CON VIOLENCIA,2024-07-27,19.4130342898331,-99.1413170099999,Julio
2024,DOCTORES,ROBO A TRANSEUNTE EN VIA PUBLICA CON VIOLENCIA,2014-07-30,19.4132437498338,-99.1453660699999,Julio
